schl_name,dist_name,school_rank_composite,school_rank_ela,school_rank_math,gr11_schl_ttl_scale_score_sat_2017_composite,gr11_schl_avg_scale_score_in_ela_sat_2017_ela,gr11_schl_avg_scale_score_in_math_sat_2017_math,gr11_dist_ttl_scale_score_sat_2017_composite,gr11_dist_avg_scale_score_in_ela_sat_2017_ela,gr11_dist_avg_scale_score_in_math_sat_2017_math,district_rank_composite,district_rank_ela,district_rank_math
Payton College Preparatory HS,City of Chicago SD 299,1,1,1,1375,688.6,686.4,956.1,483.7,472.5,406,406,393
Northside College Preparatory Hs,City of Chicago SD 299,2,2,2,1329.3,671.1,658.2,956.1,483.7,472.5,406,406,393
Young Magnet High School,City of Chicago SD 299,3,3,3,1290.4,643.1,647.3,956.1,483.7,472.5,406,406,393
New Trier Township H S Winnetka,New Trier Twp HSD 203,4,5,4,1258.2,632.3,625.9,1258,632.2,625.8,1,1,1
Jones College Prep High School,City of Chicago SD 299,5,4,7,1247.3,633.8,613.6,956.1,483.7,472.5,406,406,393
Adlai E Stevenson High School,Adlai E Stevenson HSD 125,6,6,5,1232.9,610.8,622,1232.9,610.8,622,2,2,2
Lane Technical High School,City of Chicago SD 299,7,8,6,1222.9,608.2,614.7,956.1,483.7,472.5,406,406,393
Hinsdale Central High School,Hinsdale Twp HSD 86,8,7,9,1218.1,609.5,608.6,1171.1,585.9,585.2,10,10,10
Glenbrook North High School,Northfield Twp HSD 225,9,11,8,1214.1,604.5,609.6,1171,584.9,586.1,12,12,8
Neuqua Valley High School,Indian Prairie CUSD 204,10,9,10,1213.5,606,607.5,1165.9,583.4,582.6,14,14,14
Libertyville High School,CHSD 128,11,13,11,1204.1,602.4,601.7,1189,593.5,595.5,4,4,4
Deerfield High School,Twp HSD 113,12,10,13,1203.1,604.6,598.5,1174,590.7,583.3,8,6,12
John Hersey High School,Township HSD 214,13,12,14,1202.3,604.4,597.9,1104.8,552,552.8,37,41,37
Lake Forest High School,Lake Forest CHSD 115,14,14,12,1200.8,599.6,601.2,1200.8,599.6,601.2,3,3,3
Naperville Central High School,Naperville CUSD 203,15,15,15,1186.8,590.5,596.3,1179.7,587.9,591.9,6,8,6
Wm Fremd High School,Township HSD 211,16,18,16,1179.9,584.7,595.2,1093,542.2,550.8,55,67,52
Naperville North High School,Naperville CUSD 203,17,17,17,1175.8,586.6,589.2,1179.7,587.9,591.9,6,8,6
Vernon Hills High School,CHSD 128,18,24,18,1166.2,580.1,586.2,1189,593.5,595.5,4,4,4
Prospect High School,Township HSD 214,19,21,19,1165.8,581.4,584.3,1104.8,552,552.8,37,41,37
York Comm High School,Elmhurst SD 205,20,20,22,1162.6,582.4,580.2,1162.6,582.4,580.2,17,17,19
Dunlap High School,Dunlap CUSD 323,21,25,20,1160.8,578.5,582.3,1160.8,578.5,582.3,18,19,17
Highland Park High School,Twp HSD 113,22,23,29,1152.8,580.8,572,1174,590.7,583.3,8,6,12
Glenbrook South High School,Northfield Twp HSD 225,23,27,25,1150.7,575.3,575.4,1171,584.9,586.1,12,12,8
Metea Valley High School,Indian Prairie CUSD 204,24,26,28,1149.1,576.5,572.6,1165.9,583.4,582.6,14,14,14
St Charles North High School,St Charles CUSD 303,25,32,23,1148.9,570,579,1121.5,560.5,561,27,28,26
Maine South High School,Maine Township HSD 207,26,33,24,1147.4,568.6,578.9,1069.3,534.1,535.2,83,95,76
Proviso Math and Science Academy,Proviso Twp HSD 209,27,16,48,1146,590.2,555.8,934.6,476.4,458.1,623,612,636
Mahomet-Seymour High School,Mahomet-Seymour CUSD 3,28,37,21,1145.9,564.5,581.4,1145.9,564.5,581.4,19,25,18
Geneva Community High School,Geneva CUSD 304,29,28,31,1145.2,573.9,571.3,1145.2,573.9,571.3,20,20,22
Lake Zurich High School,Lake Zurich CUSD 95,30,30,30,1143.4,571.6,571.8,1142.6,571.2,571.4,21,21,21
Oak Park & River Forest High Sch,Oak Park - River Forest SD 200,31,22,38,1141.8,581.1,560.6,1141.8,581.1,560.6,22,18,28
Lyons Twp High Sch,Lyons Twp HSD 204,32,35,27,1140.3,567.2,573,1139.8,567.1,572.7,23,23,20
Buffalo Grove High School,Township HSD 214,33,39,26,1136.4,562.6,573.8,1104.8,552,552.8,37,41,37
Barrington High School,Barrington CUSD 220,34,34,35,1135.8,568.4,567.4,1135.5,568.2,567.4,24,22,24
Lemont Twp High School,Lemont Twp HSD 210,35,43,31,1132.7,561.3,571.3,1131.5,560.8,570.6,25,27,23
Brooks College Prep Academy HS,City of Chicago SD 299,36,19,60,1132.6,584.6,548,956.1,483.7,472.5,406,406,393
Morton High School,Morton CUSD 709,37,36,37,1127.8,565.6,562.2,1127.6,565.3,562.3,26,24,25
Waubonsie Valley High School,Indian Prairie CUSD 204,38,38,36,1126.6,563.4,563.3,1165.9,583.4,582.6,14,14,14
Comm H S Dist 99 - North H S,CHSD 99,39,47,33,1125.4,557.3,568.1,1102.9,545.2,557.7,45,57,30
Lincoln-Way East High School,Lincoln Way CHSD 210,40,31,51,1123.3,570.8,552.5,1106.8,560.1,546.7,32,30,58
Glenbard West High School,Glenbard Twp HSD 87,41,41,39,1122.9,562.5,560.3,1063.9,532,531.9,93,102,90
J B Conant High School,Township HSD 211,42,54,34,1121.8,553.9,567.9,1093,542.2,550.8,55,67,52
Lindblom Math & Science Acad HS,City of Chicago SD 299,43,29,57,1120.6,571.8,548.9,956.1,483.7,472.5,406,406,393
Evanston Twp High School,Evanston Twp HSD 202,44,42,46,1118.5,561.8,556.7,1116.6,560.9,555.7,30,26,34
Batavia Sr High School,Batavia USD 101,45,44,42,1117.3,559.2,558.1,1117.3,559.2,558.1,29,33,29
Prairie Ridge High School,CHSD 155,46,50,40,1116.3,556.3,560,1101.1,550,551.1,47,47,46
Cary-Grove Community High School,CHSD 155,47,49,41,1114.7,556.4,558.3,1101.1,550,551.1,47,47,46
Wheaton North High School,CUSD 200,48,48,43,1114.4,556.6,557.8,1105.7,554.6,551.1,35,35,46
Grayslake Central High School,Grayslake CHSD 127,49,39,55,1111.9,562.6,549.3,1089.2,548.5,540.7,62,53,71
Hononegah High School,Hononegah CHD 207,50,46,52,1109.9,557.9,552.1,1109.9,557.9,552.1,31,34,43
Lincoln-Way Central High School,Lincoln Way CHSD 210,51,45,55,1108.2,559,549.3,1106.8,560.1,546.7,32,30,58
Huntley High School,Huntley Comm Sch Dist 158,52,55,53,1105.1,553.4,551.6,1104.2,552.8,551.3,43,39,45
Crystal Lake South High School,CHSD 155,53,59,50,1105,551.8,553.2,1101.1,550,551.1,47,47,46
Lincoln Park High School,City of Chicago SD 299,54,51,58,1103.6,555,548.6,956.1,483.7,472.5,406,406,393
Richmond-Burton High School,Richmond-Burton CHSD 157,55,60,49,1103.4,548.9,554.5,1103.4,548.9,554.5,44,51,36
Metamora High School,County of Woodford School,56,68,44,1103,545.5,557.5,1099.1,543.7,555.4,51,63,35
St Charles East High School,St Charles CUSD 303,57,56,64,1099.2,552.8,546.4,1121.5,560.5,561,27,28,26
St Joseph-Ogden High School,St Joseph Ogden CHSD 305,58,81,47,1097.7,541.5,556.2,1097.7,541.5,556.2,52,74,33
Wheaton Warrenville South H S,CUSD 200,59,57,69,1096.4,552.5,543.8,1105.7,554.6,551.1,35,35,46
Monticello High School,Monticello CUSD 25,60,52,75,1095.9,554.3,541.6,1095.9,554.3,541.6,53,37,69
Edwardsville High School,Edwardsville CUSD 7,61,64,62,1095.3,547.6,547.7,1087.9,543.8,544.1,65,62,62
Maroa-Forsyth Senior High Sch,Maroa Forsyth CUSD 2,62,53,79,1093.5,554.1,539.4,1093.5,554.1,539.4,54,38,73
Lake Park High School,Lake Park CHSD 108,63,69,61,1093,545.2,547.8,1092.8,545.1,547.6,60,59,57
Niles West High School,Niles Twp HSD 219,64,62,67,1092.3,547.8,544.5,1087.1,545.3,541.8,66,55,67
Central High School,Central CUSD 301,64,85,54,1092.3,540.9,551.4,1092.3,540.9,551.4,61,77,44
Glenbard South High School,Glenbard Twp HSD 87,66,65,68,1091.6,547.2,544.4,1063.9,532,531.9,93,102,90
Plainfield North High School,Plainfield SD 202,67,78,59,1090.9,542.4,548.5,1036.4,517.7,518.7,148,174,135
Williamsville High School,Williamsville CUSD 15,68,74,65,1089.2,543.2,546,1088,542.8,545.2,64,66,61
Niles North High School,Niles Twp HSD 219,69,67,75,1087.4,545.8,541.6,1087.1,545.3,541.8,66,55,67
Carterville High School,Carterville CUSD 5,70,58,92,1086.7,552.4,534.3,1086.7,552.4,534.3,68,40,84
Hinsdale South High School,Hinsdale Twp HSD 86,71,74,71,1086,543.2,542.8,1171.1,585.9,585.2,10,10,10
Lincoln Way West,Lincoln Way CHSD 210,72,63,81,1085.4,547.7,537.7,1106.8,560.1,546.7,32,30,58
Harry D Jacobs High School,CUSD 300,73,66,80,1084.8,546.1,538.7,1028,518.1,509.9,165,165,178
Waterloo High School,Waterloo CUSD 5,74,80,73,1084,541.9,542.1,1084,541.9,542.1,69,73,65
Schaumburg High School,Township HSD 211,75,99,66,1083.6,537.7,545.9,1093,542.2,550.8,55,67,52
Washington Comm High School,Washington CHSD 308,76,70,83,1081.9,545,536.9,1081.9,545,536.9,70,60,74
Comm H S Dist 99 - South High Sch,CHSD 99,77,109,62,1081.3,533.7,547.7,1102.9,545.2,557.7,45,57,30
Lakes Community High School,CHSD 117,78,72,82,1081.2,543.8,537.4,1072.2,539.9,532.3,79,81,88
Normal Community High School,McLean County USD 5,79,94,78,1078.5,538.5,540.1,1052.6,528.4,524.2,113,116,114
Riverside Brookfield Twp HS,Riverside-Brookfield Twp SD 208,80,61,105,1078,548.8,529.3,1078,548.8,529.3,71,52,98
Tri-Valley High School,Tri Valley CUSD 3,81,83,86,1076.3,541.2,535.1,1076.3,541.2,535.1,72,75,79
O Fallon High School,O Fallon Twp HSD 203,82,73,97,1076.2,543.4,532.8,1076.2,543.4,532.8,73,64,87
Lexington High School,Lexington CUSD 7,83,93,84,1075.1,538.8,536.3,1075.1,538.8,536.3,74,85,75
Morris Community High School,Morris CHSD 101,84,77,100,1075,542.9,532.1,1072.7,542.1,530.6,78,72,96
Rolling Meadows High School,Township HSD 214,85,79,99,1074.7,542.2,532.5,1104.8,552,552.8,37,41,37
DePue High School,DePue USD 103,86,89,95,1073.8,540,533.8,1073.8,540,533.8,75,80,86
Noble St Chtr-UIC College Prep,City of Chicago SD 299,87,88,97,1073.4,540.6,532.8,956.1,483.7,472.5,406,406,393
Princeville High School,Princeville CUSD 326,87,115,77,1073.4,532.4,541,1073.4,532.4,541,76,101,70
Orion High School,Orion CUSD 223,89,122,72,1072.9,530.1,542.7,1072.9,530.1,542.7,77,112,63
Columbia High School,Columbia CUSD 4,90,101,89,1071.8,537.3,534.5,1071.8,537.3,534.5,81,88,82
Grayslake North High School,Grayslake CHSD 127,91,102,92,1071.5,537.2,534.3,1089.2,548.5,540.7,62,53,71
Antioch Comm High School,CHSD 117,92,92,102,1070.6,538.9,531.7,1072.2,539.9,532.3,79,81,88
Crystal Lake Central High School,CHSD 155,93,108,96,1068.6,535.5,533.1,1101.1,550,551.1,47,47,46
Byron High School 9-12,Byron CUSD 226,94,112,86,1067.9,532.8,535.1,1069.4,534.4,535,82,94,80
Carl Sandburg High School,Cons HSD 230,95,111,89,1067.6,533.1,534.5,1047,521.4,525.6,125,147,110
Kaneland Senior High School,Kaneland CUSD 302,95,106,102,1067.6,535.9,531.7,1067.6,535.9,531.7,86,90,95
Macomb Senior High School,Macomb CUSD 185,97,85,113,1067.5,540.9,526.6,1067.5,540.9,526.6,87,77,104
Dwight High School,Dwight Twp HSD 230,98,152,69,1067.4,523.5,543.8,1064.2,521.7,542.5,92,146,64
Triad High School,Triad CUSD 2,99,145,74,1066.4,524.4,542,1066.4,524.4,542,88,131,66
River Ridge High School,River Ridge CUSD 210,100,250,45,1065.3,508.1,557.2,1065.3,508.1,557.2,89,224,32
Devry Advantage Academy High Schl,City of Chicago SD 299,101,96,111,1064.9,538,526.8,956.1,483.7,472.5,406,406,393
Bartlett High School,SD U-46,101,96,110,1064.9,538,527,979.5,493.2,486.2,321,336,310
Illini Bluffs High School,Illini Bluffs CUSD 327,103,121,89,1064.8,530.3,534.5,1064.8,530.3,534.5,90,111,82
Rockridge High School,Rockridge CUSD 300,103,85,123,1064.8,540.9,523.9,1064.8,540.9,523.9,90,77,119
Hoffman Estates High School,Township HSD 211,105,131,85,1063.4,527.7,535.8,1093,542.2,550.8,55,67,52
Oswego East High School,CUSD 308,106,117,104,1063,531.5,531.5,1057.6,528.8,528.8,106,114,101
Johnsburg High School,Johnsburg CUSD 12,107,90,130,1062.3,539.5,522.7,1062.3,539.5,522.7,97,83,124
Kansas High School,Kansas CUSD 3,108,71,146,1062.2,544.4,517.8,1062.2,544.4,517.8,98,61,141
Mt Zion High School,Mt Zion CUSD 3,109,107,115,1061.7,535.7,526,1061.7,535.7,526,99,91,106
Warren Township High School,Warren Twp HSD 121,110,105,120,1061.4,536.1,525.3,1059.1,534.9,524.2,104,93,114
Marengo High School,Marengo CHSD 154,111,118,107,1060.5,531.4,529.1,1060.5,531.4,529.1,100,107,100
Oblong High School,Oblong CUSD 4,112,119,106,1060.4,531.3,529.2,1060.4,531.3,529.2,101,108,99
Westmont High School,CUSD 201,113,104,132,1059.3,536.6,522.6,1059.3,536.6,522.6,103,89,126
Eureka High School,Eureka CUD 140,114,95,136,1059.1,538.4,520.7,1059.1,538.4,520.7,104,86,130
Wauconda High School,Wauconda CUSD 118,115,102,139,1057.6,537.2,520.4,1054,535.3,518.7,111,92,135
Glenwood High School,Ball Chatham CUSD 5,116,120,114,1057.4,531.2,526.2,1057.4,531.2,526.2,108,109,105
Highland High School,Highland CUSD 5,117,143,101,1056.9,525,531.9,1056.9,525,531.9,109,129,90
Freeburg Community High Sch,Freeburg CHSD 77,118,110,125,1056.5,533.2,523.3,1056.5,533.2,523.3,110,98,120
Dieterich Jr/Sr High School,Dieterich CUSD 30,119,133,108,1056,527.3,528.7,1060.3,531,529.4,102,110,97
Oswego High School,CUSD 308,120,134,109,1055.3,527.2,528,1057.6,528.8,528.8,106,114,101
Phoenix Military Academy HS,City of Chicago SD 299,121,82,165,1055.2,541.4,513.8,956.1,483.7,472.5,406,406,393
Cissna Park Sr High School,Cissna Park CUSD 6,122,138,111,1052.7,525.9,526.8,1052.7,525.9,526.8,112,127,103
Alden-Hebron High School,Alden Hebron SD 19,123,91,170,1052.5,539,513.5,1052.5,539,513.5,117,84,155
Grant Park High School,Grant Park CUSD 6,124,125,127,1052.4,529.2,523.2,1052.4,529.2,523.2,118,113,122
Teutopolis High School,Teutopolis CUSD 50,125,195,88,1052.2,517.2,535,1052.2,517.2,535,119,179,80
Pecatonica High School,Pecatonica CUSD 321,126,193,94,1051.9,517.8,534.1,1051.9,517.8,534.1,120,173,85
King College Prep High School,City of Chicago SD 299,127,98,169,1051.5,537.8,513.7,956.1,483.7,472.5,406,406,393
Stillman Valley High School,Meridian CUSD 223,128,84,199,1051.4,541.1,510.2,1051.4,541.1,510.2,121,76,175
Coal City High School,Coal City CUSD 1,129,127,133,1050.4,528.1,522.3,1050.4,528.1,522.3,122,121,127
Dee-Mack High School,Deer Creek-Mackinaw CUSD 701,130,145,117,1050.3,524.4,525.8,1050.3,524.4,525.8,123,131,108
Minooka Community High School,Minooka CHSD 111,131,100,189,1048.7,537.5,511.2,1048.7,537.5,511.2,124,87,170
Lockport Township High Sch East,Lockport Twp HSD 205,132,150,129,1046.5,523.7,522.9,1046.5,523.7,522.9,128,135,123
Rochester High School,Rochester CUSD 3A,133,116,159,1046.3,531.7,514.7,1046.3,531.7,514.7,129,106,150
Westinghouse High School,City of Chicago SD 299,134,131,144,1045.7,527.7,518,956.1,483.7,472.5,406,406,393
East Dubuque High School,East Dubuque USD 119,135,181,115,1045.5,519.5,526,1045.5,519.5,526,130,158,106
Unity High School,Tolono CUSD 7,136,166,124,1045.1,521.7,523.4,1042.5,520.4,522.1,136,154,128
Cerro Gordo Jr and Sr High Sch,Cerro Gordo CUSD 100,137,74,246,1044.7,543.2,501.6,1044.7,543.2,501.6,131,65,216
Galena High School,Galena USD 120,138,134,149,1044.5,527.2,517.2,1044.5,527.2,517.2,132,125,142
Indian Creek High School,Indian Creek CUSD 425,139,178,122,1044.2,519.8,524.3,1044.1,519.5,524.6,133,158,113
Orangeville High School,Orangeville CUSD 203,140,153,137,1043.9,523.3,520.6,1043.9,523.3,520.6,134,137,131
Valmeyer High School,Valmeyer CUSD 3,140,112,190,1043.9,532.8,511.1,1043.9,532.8,511.1,134,99,171
Victor J Andrew High School,Cons HSD 230,142,185,121,1043.6,518.9,524.8,1047,521.4,525.6,125,147,110
Sycamore High School,Sycamore CUSD 427,143,160,141,1042.4,522.1,520.3,1042.4,522.1,520.3,137,143,134
Geneseo High School,Geneseo CUSD 228,144,144,153,1041.1,524.6,516.5,1041.1,524.6,516.5,138,130,147
Wesclin Sr High School,Wesclin CUSD 3,145,181,135,1040.7,519.5,521.2,1040.7,519.5,521.2,139,158,129
Willowbrook High School,DuPage HSD 88,145,141,155,1040.7,525.1,515.6,1005.4,504.3,501.1,229,245,221
Lena-Winslow High School,Lena Winslow CUSD 202,147,126,182,1040.4,528.2,512.1,1040.4,528.2,512.1,140,120,163
Bloomington High School,Bloomington SD 87,147,136,170,1040.4,526.9,513.5,1040.4,526.9,513.5,140,126,155
Hampshire High School,CUSD 300,149,137,172,1039.7,526.2,513.4,1028,518.1,509.9,165,165,178
Yorkville High School,Yorkville CUSD 115,150,158,152,1039.1,522.4,516.7,1039.1,522.4,516.7,142,141,146
Auburn High School,Rockford SD 205,151,164,147,1039,521.8,517.3,942.9,479,464,601,590,600
Kenwood Academy High School,City of Chicago SD 299,152,122,207,1038.7,530.1,508.6,956.1,483.7,472.5,406,406,393
Plainfield East High School,Plainfield SD 202,153,179,142,1038.3,519.7,518.6,1036.4,517.7,518.7,148,174,135
Roanoke-Benson High School,Roanoke Benson CUSD 60,154,155,162,1037.6,523,514.6,1037.6,523,514.6,143,139,152
Carrollton High School,Carrollton CUSD 1,155,174,151,1037.2,520.2,517,1037.2,520.2,517,144,157,144
Lisle High School,Lisle CUSD 202,156,158,159,1037.1,522.4,514.7,1037.1,522.4,514.7,145,141,150
Brimfield High School,Brimfield CUSD 309,157,156,165,1036.6,522.9,513.8,1036.6,522.9,513.8,146,140,153
New Berlin High School,New Berlin CUSD 16,158,129,208,1036.5,528,508.5,1036.5,528,508.5,147,123,187
Noble St Chtr-Chicago Bulls Prep,City of Chicago SD 299,159,216,134,1036,513.8,522.2,956.1,483.7,472.5,406,406,393
GCMS High School,Gibson City-Melvin-Sibley CUSD 5,160,186,149,1035.8,518.7,517.2,1035.8,518.7,517.2,152,162,142
Noble St Chtr-Noble Campus,City of Chicago SD 299,160,239,118,1035.8,510.1,525.7,956.1,483.7,472.5,406,406,393
McHenry  East High School,McHenry CHSD 156,162,140,201,1035.6,525.5,510.1,1015.4,515.9,499.5,203,185,234
Mundelein Cons High School,Mundelein Cons HSD 120,163,139,204,1035.5,525.8,509.7,1035,525.6,509.4,154,128,183
Central Comm High School,Central CHSD 71,164,229,125,1035.3,512,523.3,1035.3,512,523.3,153,203,120
Prairie Central High School,Prairie Central CUSD 8,165,154,194,1033.8,523.1,510.8,1033.8,523.1,510.8,155,138,173
Tuscola High School,Tuscola CUSD 301,166,127,220,1033.7,528.1,505.6,1033.7,528.1,505.6,156,121,197
Mt Olive High School,Mount Olive CUSD 5,167,114,249,1033.4,532.6,500.8,1033.4,532.6,500.8,157,100,224
Noble St Chtr-The Noble Academy,City of Chicago SD 299,168,141,210,1032.6,525.1,507.4,956.1,483.7,472.5,406,406,393
Heyworth Jr-Sr High School,Heyworth CUSD 4,169,168,191,1032.3,521.3,511,1032.3,521.3,511,158,150,172
Normal Community West High School,McLean County USD 5,170,176,188,1031.4,520.1,511.3,1052.6,528.4,524.2,113,116,114
Milford High School Campus,Milford Area PSD 124,171,189,173,1031.3,518.1,513.2,1024,514,510,179,193,177
Herscher High School,Herscher CUSD 2,171,267,118,1031.3,505.6,525.7,1031.3,505.6,525.7,159,239,109
Evergreen Park High School,Evergreen Park CHSD 231,173,186,179,1031.2,518.7,512.5,1031.2,518.7,512.5,160,162,159
Central High School,Champaign CUSD 4,174,197,163,1031.1,516.7,514.4,1016.1,507.5,508.6,199,232,185
Grant Community High School,Grant CHSD 124,175,188,176,1031,518.2,512.8,1028.6,517.1,511.5,162,180,167
Wheeling High School,Township HSD 214,176,222,147,1030.3,513.1,517.3,1104.8,552,552.8,37,41,37
Glenbard North High School,Glenbard Twp HSD 87,177,203,164,1030.1,516,514,1063.9,532,531.9,93,102,90
Noble St Chtr-Pritzker Col Prep,City of Chicago SD 299,178,184,195,1029.8,519.3,510.6,956.1,483.7,472.5,406,406,393
Il Valley Central High School,Il Valley Central USD 321,178,230,145,1029.8,511.9,517.9,1028.5,511.5,517,163,206,144
Von Steuben Metro Science HS,City of Chicago SD 299,180,180,201,1029.7,519.6,510.1,956.1,483.7,472.5,406,406,393
Elmwood High School,Elmwood CUSD 322,181,151,218,1029.6,523.6,506,1029.6,523.6,506,161,136,195
Elk Grove High School,Township HSD 214,182,226,154,1028.7,512.2,516.4,1104.8,552,552.8,37,41,37
Woodstock High School,Woodstock CUSD 200,183,191,198,1028.3,518,510.3,1010.1,508.1,502,216,224,213
Riverdale Sr High School,Riverdale CUSD 100,184,208,175,1028.2,515.2,513,1028.2,515.2,513,164,190,157
Central High School,Central CUSD 4,185,202,184,1027.9,516.1,511.8,1027.9,516.1,511.8,169,184,164
Red Bud High School,Red Bud CUSD 132,186,205,181,1027.8,515.6,512.2,1027.8,515.6,512.2,170,188,162
Chicago HS for Agricult Sciences,City of Chicago SD 299,187,124,271,1027.6,529.8,497.8,956.1,483.7,472.5,406,406,393
Seymour High School,Payson CUSD 1,188,172,211,1027.3,520.3,507,1027.3,520.3,507,171,156,190
Richwoods High School,Peoria SD 150,189,167,222,1026.9,521.4,505.5,938.8,475.8,463,613,618,608
Maine West High School,Maine Township HSD 207,190,212,182,1026.7,514.6,512.1,1069.3,534.1,535.2,83,95,76
Somonauk High School,Somonauk CUSD 432,191,148,237,1026.5,524,502.5,1026.5,524,502.5,172,133,208
Pleasant Plains High School,Pleasant Plains CUSD 8,191,163,227,1026.5,521.9,504.5,1026.5,521.9,504.5,172,145,201
Durand High School,Durand CUSD 322,193,205,197,1026.2,515.6,510.5,1008.6,508.1,500.5,226,224,228
Marshall High School,Marshall CUSD 2C,194,157,234,1025.4,522.6,502.8,1022.3,520.7,501.6,181,153,216
Ridgeview High School,Ridgeview CUSD 19,194,199,205,1025.4,516.6,508.9,1025.4,516.6,508.9,174,183,184
Annawan High School,Annawan CUSD 226,196,225,177,1025.2,512.6,512.6,1025.2,512.6,512.6,175,201,158
Charleston High School,Charleston CUSD 1,197,169,231,1025,521,504,1019.7,518.5,501.2,186,164,219
Paw Paw Jr/Sr High School,Paw Paw CUSD 271,198,277,138,1024.5,504.1,520.5,1024.5,504.1,520.5,176,248,132
Amos Alonzo Stagg High School,Cons HSD 230,199,244,156,1024.4,508.9,515.5,1047,521.4,525.6,125,147,110
South Elgin High School,SD U-46,199,218,193,1024.4,513.5,510.9,979.5,493.2,486.2,321,336,310
Carlinville High School,Carlinville CUSD 1,199,241,158,1024.4,509.3,515.1,1024.4,509.3,515.1,177,216,149
LeRoy High School,LeRoy CUSD 2,202,263,143,1024.3,506,518.3,1024.3,506,518.3,178,238,140
Nashville Comm High School,Nashville CHSD 99,203,236,173,1023.6,510.4,513.2,1020.8,508.5,512.3,182,220,160
Springfield High School,Springfield SD 186,204,174,233,1023.5,520.2,503.3,953.7,484.4,469.4,565,399,568
Polo Comm High School,Polo CUSD 222,205,197,212,1023.3,516.7,506.7,1023.3,516.7,506.7,180,182,191
Carbondale Comm H S,Carbondale CHSD 165,206,231,191,1022.8,511.8,511,1017.3,509.8,507.5,195,215,189
Glenbard East High School,Glenbard Twp HSD 87,207,247,165,1022,508.2,513.8,1063.9,532,531.9,93,102,90
Mascoutah High School,Mascoutah CUD 19,207,177,241,1022,519.9,502.1,1018.9,518.1,500.9,189,165,223
Centennial High School,Champaign CUSD 4,209,258,159,1021.9,507.2,514.7,1016.1,507.5,508.6,199,232,185
Lincolnwood High School,Panhandle CUSD 2,210,210,220,1020.6,515,505.6,1020.6,515,505.6,183,191,197
Western High School,Western CUSD 12,211,194,238,1020,517.6,502.4,1020,517.6,502.4,184,178,209
Olympia High School,Olympia CUSD 16,212,250,184,1019.9,508.1,511.8,1019.9,508.1,511.8,185,224,164
Beecher High School,Beecher CUSD 200U,213,161,272,1019.7,522,497.7,1018.7,521.3,497.5,190,150,247
Morrison High School,Morrison CUSD 6,214,260,177,1019.5,506.9,512.6,1015.3,504,511.3,205,250,169
Beecher City Jr-Sr High School,Beecher City CUSD 20,215,322,139,1019.2,498.8,520.4,1019.2,498.8,520.4,187,286,133
Maine East High School,Maine Township HSD 207,216,224,216,1019.1,513,506.1,1069.3,534.1,535.2,83,95,76
Winnebago High School,Winnebago CUSD 323,217,220,219,1019,513.3,505.7,1019,513.3,505.7,188,197,196
Eastland Jr/Sr High School,Eastland CUSD 308,218,222,222,1018.6,513.1,505.5,1018.6,513.1,505.5,191,199,199
Elmwood Park High School,Elmwood Park CUSD 401,219,253,195,1018.5,507.9,510.6,1018.5,507.9,510.6,192,229,174
Ridgewood Comm High School,Ridgewood CHSD 234,220,207,234,1018.2,515.4,502.8,1018.2,515.4,502.8,193,189,206
Casey-Westfield Jr/Sr HS,Casey-Westfield CUSD 4C,221,291,157,1017.9,502.6,515.2,1017.9,502.6,515.2,194,261,148
Chicago Math & Sci Elem Charter,City of Chicago SD 299,221,355,128,1017.9,494.9,523,956.1,483.7,472.5,406,406,393
El Paso-Gridley High School,El Paso-Gridley CUSD 11,223,130,325,1017.2,527.8,489.3,1017.2,527.8,489.3,196,124,286
Stockton Sr High School,Stockton CUSD 206,224,172,280,1016.8,520.3,496.5,1013.9,519,494.9,206,161,258
Okawville Jr/Sr High School,West Washington Co CUD 10,225,271,186,1016.7,505,511.7,1016.7,505,511.7,197,242,166
Fulton High School,River Bend CUSD 2,226,214,240,1016.6,514.4,502.2,1009.3,511.2,498,222,208,245
Princeton High School,Princeton HSD 500,227,204,250,1016.5,515.8,500.7,1016.5,515.8,500.7,198,187,225
Scales Mound High School,Scales Mound CUSD 211,228,373,130,1016,493.3,522.7,1016,493.3,522.7,201,333,124
Tremont High School,Tremont CUSD 702,229,215,244,1015.8,513.9,501.8,1015.8,513.9,501.8,202,194,215
Plainfield South High School,Plainfield SD 202,230,250,215,1014.3,508.1,506.2,1036.4,517.7,518.7,148,174,135
Nokomis Jr/Sr High Sch,Nokomis CUSD 22,231,277,203,1013.9,504.1,509.8,1013.9,504.1,509.8,206,248,182
Effingham High School,Effingham CUSD 40,232,244,225,1013.8,508.9,504.8,1013.8,508.9,504.8,208,219,200
Brown County High School,Brown County CUSD 1,233,217,260,1013.5,513.6,499.8,1013.5,513.6,499.8,209,195,233
Southland College Prep Chtr HS,Southland College Prep Chtr HS,234,161,311,1012.8,522,490.8,1012.8,522,490.8,210,144,279
Vienna High School,Vienna HSD 133,235,171,305,1012.5,520.4,492.1,1012.5,520.4,492.1,211,154,271
Staunton High School,Staunton CUSD 6,235,246,228,1012.5,508.3,504.2,1012.5,508.3,504.2,211,221,202
Palatine High School,Township HSD 211,237,272,209,1012.2,504.6,507.6,1093,542.2,550.8,55,67,52
Ogden Int High School,City of Chicago SD 299,237,200,286,1012.2,516.5,495.7,956.1,483.7,472.5,406,406,393
Greenfield High School,Greenfield CUSD 10,239,268,214,1011.6,505.2,506.4,1011.6,505.2,506.4,213,241,193
Hinckley-Big Rock High School,Hinckley Big Rock CUSD 429,240,235,254,1011,510.5,500.5,1011,510.5,500.5,214,213,228
R O W V A Jr and  Sr High School,R O W V A CUSD 208,240,242,241,1011,509,502.1,1011,509,502.1,214,217,211
Homewood-Flossmoor High School,Homewood Flossmoor CHSD 233,242,196,296,1010.6,517,493.6,1010.1,516.8,493.4,216,181,266
Pearl City High School,Pearl City CUSD 200,243,264,226,1010.5,505.9,504.6,1004.5,502.1,502.4,236,268,209
Clay City High School,Clay City CUSD 10,244,232,265,1010,511.3,498.8,1010,511.3,498.8,219,207,240
Noble St Chtr-Muchin College Prep,City of Chicago SD 299,245,238,261,1009.6,510.2,499.4,956.1,483.7,472.5,406,406,393
Southwestern High School,Southwestern CUSD 9,245,148,355,1009.6,524,485.7,1009.6,524,485.7,220,133,320
Altamont High School,Altamont CUSD 10,247,259,238,1009.5,507.1,502.4,1001.6,502.5,499.1,249,263,237
Tri-Point High School,Tri Point CUSD 6-J,248,164,332,1009.4,521.8,487.6,1000,518,482,253,171,340
Peotone High School,Peotone CUSD 207U,248,228,273,1009.4,512.1,497.4,1009.4,512.1,497.4,221,202,248
Gardner-South Wilmington Twp H S,Gardner S Wilmington Twp HSD 73,250,212,291,1009.2,514.6,494.6,1009.2,514.6,494.6,223,192,260
Sullivan High School,Sullivan CUSD 300,251,192,309,1009.1,517.9,491.3,1009.1,517.9,491.3,224,172,277
Jersey Comm High School,Jersey CUSD 100,252,311,206,1008.9,500.1,508.8,1008.1,499.8,508.3,227,280,188
Ashton-Franklin Center HS,Ashton-Franklin Center CUSD 275,252,288,216,1008.9,502.8,506.1,1008.9,502.8,506.1,225,259,194
Plainfield High School,Plainfield SD 202,254,287,224,1008.3,502.9,505.4,1036.4,517.7,518.7,148,174,135
Bureau Valley High School,Bureau Valley CUSD 340,255,272,241,1006.7,504.6,502.1,1006.7,504.6,502.1,228,243,211
Mount Carmel High School,Wabash CUSD 348,256,268,248,1006.2,505.2,501.1,1003.9,503.6,500.2,237,254,232
Spoon River Valley Sr High Sch,Spoon River Valley CUSD 4,257,201,327,1005.3,516.3,489,997.4,511.9,485.5,263,204,322
Bement High School,Bement CUSD 5,258,365,187,1005.2,493.8,511.4,1005.2,493.8,511.4,231,327,168
La Salle-Peru Twp High School,La Salle-Peru Twp HSD 120,259,253,274,1005.1,507.9,497.2,1005.1,507.9,497.2,232,229,249
Palestine High School,Palestine CUSD 3,260,262,265,1005,506.2,498.8,1005,506.2,498.8,233,237,240
Ottawa Township High School,Ottawa Twp HSD 140,261,247,277,1004.9,508.2,496.8,1004.9,508.2,496.8,234,222,251
Bond Cty Comm Unit 2 High School,Bond County CUSD 2,262,301,234,1004.6,501.8,502.8,1004.6,501.8,502.8,235,272,206
Community High School,CHSD 94,263,288,245,1004.5,502.8,501.7,1003.4,502.1,501.3,240,268,218
Seneca High School,Seneca Twp HSD 160,263,226,304,1004.5,512.2,492.2,1002.7,511,491.8,244,209,273
Bolingbrook High School,Valley View CUSD 365U,265,270,262,1004.4,505.1,499.3,1002.1,503.9,498.1,246,252,243
Pinckneyville Comm High School,Pinckneyville CHSD 101,266,391,180,1003.7,491.4,512.3,1003.7,491.4,512.3,238,352,160
Paxton-Buckley-Loda High School,Paxton-Buckley-Loda CUD 10,267,372,199,1003.6,493.4,510.2,1003.6,493.4,510.2,239,332,175
Liberty High School,Liberty CUSD 2,268,284,255,1003.2,503,500.3,1003.2,503,500.3,241,256,230
Pontiac High School,Pontiac Twp HSD 90,269,290,255,1003,502.7,500.3,1003,502.7,500.3,242,260,230
Oak Forest High School,Bremen CHSD 228,270,275,268,1002.8,504.4,498.4,945.2,478.4,466.8,592,596,586
Stewardson-Strasburg High School,Stewardson-Strasburg CUD 5A,270,407,165,1002.8,489.1,513.8,1002.8,489.1,513.8,243,367,153
McHenry High School-West Campus,McHenry CHSD 156,272,240,301,1002.4,509.8,492.6,1015.4,515.9,499.5,203,185,234
Tri-City High School,Tri City CUSD 1,273,327,229,1002.2,498.1,504.1,1002.2,498.1,504.1,245,291,203
Donovan Sr High School,Donovan CUSD 3,274,329,232,1001.7,497.8,503.9,1001.7,497.8,503.9,248,294,205
Forreston Jr/Sr High Sch,Forrestville Valley CUSD 221,275,306,253,1001.5,501,500.6,1001.5,501,500.6,250,276,227
North Clay Community High School,North Clay CUSD 25,276,247,301,1000.8,508.2,492.6,1000.8,508.2,492.6,251,222,270
Bismarck-Henning High School,Bismarck Henning CUSD,277,257,300,1000.4,507.5,492.9,1000.4,507.5,492.9,252,232,269
Central A & M High School,Central A & M CUD 21,278,189,379,1000,518.1,481.9,1000,518.1,481.9,253,165,343
Cobden High School,Cobden SUD 17,278,322,247,1000,498.8,501.2,1000,498.8,501.2,253,286,219
Pekin Community High School,Pekin CSD 303,278,303,268,1000,501.6,498.4,1000,501.6,498.4,253,273,242
Thompsonville High School,Thompsonville CUSD 174,281,219,350,999.7,513.4,486.2,999.7,513.4,486.2,257,196,310
Dakota Jr Sr High School,Dakota CUSD 201,282,318,259,999.4,499.4,500,996,496.8,499.2,265,305,236
Gillespie High School,Gillespie CUSD 7,283,274,288,999.3,504.5,494.9,999.3,504.5,494.9,258,244,258
Neoga Jr/Sr High School,Neoga CUSD 3,284,325,250,999.1,498.4,500.7,999.1,498.4,500.7,259,288,225
Romeoville High School,Valley View CUSD 365U,285,297,282,998.5,502.1,496.4,1002.1,503.9,498.1,246,252,243
Newton Comm High School,Jasper County CUD 1,286,391,212,998.1,491.4,506.7,998.1,491.4,506.7,260,352,191
Deland-Weldon High School,Deland-Weldon CUSD 57,287,169,410,998,521,477,998,521,477,261,152,374
Mendota Twp High School,Mendota Twp HSD 280,288,308,275,997.7,500.7,497,995.5,499.6,495.9,268,283,254
Blue Ridge High School,Blue Ridge CUSD 18,289,233,345,997.6,510.9,486.7,997.6,510.9,486.7,262,210,304
Noble St Chtr Rauner College Prep,City of Chicago SD 299,290,281,295,997.4,503.6,493.7,956.1,483.7,472.5,406,406,393
Noble St Chtr-Golder College Prep,City of Chicago SD 299,291,299,288,996.9,502,494.9,956.1,483.7,472.5,406,406,393
Cambridge Jr/Sr High School,Cambridge CUSD 227,291,209,380,996.9,515.1,481.8,990.3,510.8,479.5,279,211,361
Hutsonville High School,Hutsonville CUSD 1,293,220,369,996.7,513.3,483.3,996.7,513.3,483.3,264,197,336
Iroquois West High School,Iroquois West CUSD 10,294,312,284,996.1,500,496.1,986.7,495.3,491.4,292,318,276
Arthur-Lovington-Atwood-Hammond,Arthur CUSD 305,295,341,263,995.9,497,498.9,995.9,497,498.9,266,304,238
Lincoln Comm High School,Lincoln CHSD 404,296,266,315,995.7,505.7,490,994.9,505.3,489.6,270,240,283
Carlyle High School,Carlyle CUSD 1,297,342,263,995.6,496.7,498.9,995.6,496.7,498.9,267,307,238
Wilmington High School,Wilmington CUSD 209U,298,279,310,995.1,504,491.1,995.1,504,491.1,269,250,278
Pittsfield High School,Pikeland CUSD 10,299,324,283,994.9,498.7,496.2,991.8,496.8,495,275,305,256
Chicago HS for the Arts,City of Chicago SD 299,300,181,421,994.7,519.5,475.2,956.1,483.7,472.5,406,406,393
Massac County High School,Massac UD 1,301,255,347,994.1,507.6,486.4,994.1,507.6,486.4,271,231,307
Woodstock North High School,Woodstock CUSD 200,302,320,290,993.9,499.2,494.7,1010.1,508.1,502,216,224,213
Shelbyville High School,Shelbyville CUSD 4,303,401,229,993.8,489.7,504.1,993.8,489.7,504.1,272,360,203
Frankfort Comm High School,Frankfort CUSD 168,304,234,373,993.6,510.7,482.9,993.6,510.7,482.9,273,212,337
Belleville High School-East,Belleville Twp HSD 201,305,282,315,993.2,503.3,490,981,497.1,484,310,300,330
Solorio Academy High School,City of Chicago SD 299,306,378,255,993.1,492.8,500.3,956.1,483.7,472.5,406,406,393
Genoa-Kingston High School,Genoa Kingston CUSD 424,307,314,298,992.9,499.8,493.1,992.9,499.8,493.1,274,280,267
Galva Jr-Sr High School,Galva CUSD 224,308,280,326,992.8,503.7,489.1,988,502,485.9,290,270,319
Reed-Custer High School,Reed Custer CUSD 255U,308,379,258,992.8,492.7,500.1,988.8,491,497.8,286,357,246
Belvidere North High Sch,Belvidere CUSD 100,310,310,303,992.5,500.2,492.4,966.1,487.7,478.5,380,372,364
Back of The Yards IB HS,City of Chicago SD 299,310,387,250,992.5,491.8,500.7,956.1,483.7,472.5,406,406,393
Meridian High School,Meridian CUSD 15,312,340,291,991.7,497.1,494.6,991.7,497.1,494.6,276,300,260
Patoka Sr High School,Patoka CUSD 100,313,147,471,991.4,524.3,467.1,972.7,512.7,460,347,200,624
Cisne High School,North Wayne CUSD 200,313,302,320,991.4,501.7,489.7,986.3,499.7,486.7,294,282,304
Sherrard High School,Sherrard CUSD 200,313,326,298,991.4,498.2,493.1,991.4,498.2,493.1,277,290,267
Armstrong High School,Armstrong Twp HSD 225,316,303,324,991,501.6,489.4,991,501.6,489.4,278,273,285
Civic Memorial High School,Bethalto CUSD 8,317,314,312,990.4,499.8,490.5,989,499.2,489.8,285,285,281
Fenton High School,Fenton CHSD 100,318,359,285,990.2,494.3,495.9,990.2,494.3,495.9,280,323,254
Hamilton Jr/Sr High Sch,Hamilton CCSD 328,318,284,338,990.2,503,487.2,990.2,503,487.2,280,256,298
Athens Sr High School,Athens CUSD 213,320,357,287,989.8,494.8,495,989.8,494.8,495,282,321,256
DeKalb High School,DeKalb CUSD 428,321,255,376,989.7,507.6,482,987.6,506.7,480.8,291,236,350
A B Shepard High Sch (Campus),CHSD 218,322,320,313,989.5,499.2,490.3,947.1,477.7,469.4,586,600,568
Pana Sr High School,Pana CUSD 8,323,236,403,989.4,510.4,479,989.4,510.4,479,283,214,363
Villa Grove High School,Villa Grove CUSD 302,324,283,354,989.1,503.1,486,989.1,503.1,486,284,255,318
West Prairie High School,West Prairie CUSD 103,325,210,430,988.6,515,473.6,983.6,511.8,471.8,304,205,553
Tinley Park High School,Bremen CHSD 228,326,297,351,988.3,502.1,486.1,945.2,478.4,466.8,592,596,586
Harlem High School,Harlem UD 122,327,276,365,988.2,504.2,484,988.2,504.2,484,287,247,330
Fisher Jr/Sr High School,Fisher CUSD 1,328,293,355,988.1,502.5,485.7,988.1,502.5,485.7,288,263,320
Calhoun High School,Calhoun CUSD 40,328,369,293,988.1,493.6,494.4,988.1,493.6,494.4,288,329,262
East Leyden High School,Leyden CHSD 212,330,408,267,987.1,488.5,498.7,972.3,484.4,487.9,352,399,293
Anna-Jonesboro High School,Anna Jonesboro CHSD 81,331,317,341,986.5,499.5,486.9,986.5,499.5,486.9,293,284,301
Taylorville Sr High School,Taylorville CUSD 3,332,344,320,985.8,496.2,489.7,985.8,496.2,489.7,295,310,282
Mount Pulaski High School,Mt Pulaski CUSD 23,332,327,331,985.8,498.1,487.7,985.8,498.1,487.7,295,291,295
AlWood  Middle/High School,AlWood CUSD 225,334,369,305,985.7,493.6,492.1,985.7,493.6,492.1,297,329,271
Porta High School,Porta CUSD 202,334,364,307,985.7,494,491.7,985.7,494,491.7,297,326,274
Midland High School,Midland CUSD 7,336,305,366,985.4,501.5,483.9,985.4,501.5,483.9,299,275,334
Lebanon High School,Lebanon CUSD 9,337,373,308,984.8,493.3,491.5,984.8,493.3,491.5,300,333,275
Galatia High School,Galatia CUSD 1,338,424,270,984.6,486.5,498.1,975.9,482.2,493.7,339,569,264
Sandwich Community High School,Sandwich CUSD 430,339,412,279,984.4,487.6,496.7,984.4,487.6,496.7,301,374,252
Noble St Chtr-ITW Speer Acad,City of Chicago SD 299,340,415,277,984.2,487.4,496.8,956.1,483.7,472.5,406,406,393
Salem Community High School,Salem CHSD 600,341,339,345,984,497.2,486.7,984,497.2,486.7,302,299,304
Oakwood High School,Oakwood CUSD 76,342,421,275,983.8,486.8,497,983.8,486.8,497,303,380,250
Pawnee Jr/Sr High Sch,Pawnee CUSD 11,343,365,318,983.6,493.8,489.8,980.7,492.2,488.5,314,345,290
Joliet West High School,Joliet Twp HSD 204,344,368,322,983.1,493.7,489.5,970.9,486.5,484.4,357,384,327
Taft High School,City of Chicago SD 299,345,316,369,983,499.7,483.3,956.1,483.7,472.5,406,406,393
Cumberland High School,Cumberland CUSD 77,346,300,387,982.7,501.9,480.8,982.7,501.9,480.8,306,271,350
Sterling High School,Sterling CUSD 5,347,337,360,982.1,497.3,484.8,983.1,498.1,485,305,291,325
Herrin High School,Herrin CUSD 4,348,335,361,981.9,497.4,484.5,980.5,496.5,484,316,309,330
Manteno High School,Manteno CUSD 5,348,359,332,981.9,494.3,487.6,958,483.7,474.4,399,406,387
Mercer County High School,Mercer County School District 404,348,335,361,981.9,497.4,484.5,981.9,497.4,484.5,307,298,326
Rochelle Twp High School,Rochelle Twp HSD 212,351,383,322,981.7,492.2,489.5,980.6,491.8,488.8,315,349,288
Amboy High School,Amboy CUSD 272,352,391,314,981.6,491.4,490.2,981.6,491.4,490.2,308,352,280
Milledgeville High School,Chadwick-Milledgeville CUSD 399,353,354,347,981.4,495,486.4,981.4,495,486.4,309,320,307
Duquoin High School,Duquoin CUSD 300,354,329,369,981.1,497.8,483.3,979.1,497.1,482,329,300,340
Goreville High School,Goreville CUD 1,355,365,339,981,493.8,487.1,981,493.8,487.1,310,327,299
Mulberry Grove Sr High School,Mulberry Grove CUSD 1,356,442,280,980.9,484.3,496.5,980.9,484.3,496.5,313,405,253
Plano High School,Plano CUSD 88,357,295,405,980.5,502.4,478,980.5,502.4,478,316,266,367
New Athens High School,New Athens CUSD 60,358,242,440,980.4,509,471.5,980.4,509,471.5,318,217,555
Belleville High School-West,Belleville Twp HSD 201,358,343,366,980.4,496.5,483.9,981,497.1,484,310,300,330
Dixon High School,Dixon USD 170,360,362,351,980.3,494.2,486.1,980.3,494.2,486.1,319,325,316
Brussels High School,Brussels CUSD 42,361,430,294,980,486,494,980,486,494,320,389,263
Salt Fork High School,Salt Fork CUSD 512,362,318,392,979.7,499.4,480.3,976,498.3,477.7,338,289,368
Windsor Jr & Sr High School,Windsor CUSD 1,363,345,368,979.5,495.9,483.6,979.5,495.9,483.6,321,311,335
Newark Comm High School,Newark CHSD 18,363,334,376,979.5,497.5,482,979.5,497.5,482,321,297,340
Erie High School,Erie CUSD 1,365,295,412,979.2,502.4,476.9,979.2,502.4,476.9,328,266,375
Oregon High School,Oregon CUSD 220,366,398,330,979.1,490.7,488.4,979.1,490.7,488.4,329,359,291
Farmington Central High Sch,Farmington Central CUSD 265,367,389,336,978.9,491.6,487.3,978.9,491.6,487.3,331,351,297
Hillsboro High School,Hillsboro CUSD 3,368,291,425,977.1,502.6,474.6,977.1,502.6,474.6,332,261,386
Stark County High School,Stark County CUSD 100,368,358,374,977.1,494.6,482.5,977.1,494.6,482.5,332,322,339
Hamilton County Jr/Sr High School,Hamilton Co CUSD 10,370,313,408,977,499.9,477.2,977,499.9,477.2,334,279,371
Wethersfield Jr/Sr High School,Wethersfield CUSD 230,371,307,419,976.7,500.9,475.9,976.7,500.9,475.9,335,277,379
Watseka Comm High School,Iroquois County CUSD 9,371,362,374,976.7,494.2,482.5,974,492.3,481.8,345,343,344
Monmouth-Roseville High Sch,Monmouth-Roseville CUSD 238,373,401,344,976.6,489.7,486.8,976.6,489.7,486.8,336,360,303
New Tech High - Zion-Benton East,Zion-Benton Twp HSD 126,374,264,451,976.2,505.9,470.3,949,488,461,579,369,618
United High School,United CUSD 304,375,347,390,976.1,495.7,480.4,976.1,495.7,480.4,337,312,354
Triopia Jr-Sr High School,Triopia CUSD 27,376,452,296,975.9,482.3,493.6,975.9,482.3,493.6,339,568,265
Intrinsic Charter High School,City of Chicago SD 299,377,346,395,975.7,495.8,479.9,956.1,483.7,472.5,406,406,393
Prophetstown High School,Prophetstown-Lyndon-Tampico CUSD3,377,396,359,975.7,490.9,484.9,972.3,489.4,482.8,352,363,338
North Boone High School,North Boone CUSD 200,379,350,394,975.5,495.5,480,975.5,495.5,480,341,316,357
Astoria High School,Astoria CUSD 1,380,309,424,975.2,500.5,474.8,975.2,500.5,474.8,342,278,385
Heritage High School,Heritage CUSD 8,381,284,437,975,503,472,975,503,472,343,256,551
Putnam County High School,Putnam County CUSD 535,382,293,434,974.7,502.5,472.2,974.7,502.5,472.2,344,263,549
Marion High School,Marion CUSD 2,383,332,413,974.5,497.7,476.8,972.6,496.7,475.8,348,307,380
Chester High School,Chester CUSD 139,384,337,410,974.3,497.3,477,971.2,495.6,475.6,355,315,382
Paris Cooperative High School,Paris Cooperative High School,385,383,388,972.9,492.2,480.7,972.9,492.2,480.7,346,345,352
Moline Sr High School,Moline-Coal Valley CUSD 40,385,433,336,972.9,485.6,487.3,961.9,480.5,481.4,390,581,347
Edinburg High School,Edinburg CUSD 4,387,386,390,972.4,492,480.4,972.4,492,480.4,349,348,354
Robinson High School,Robinson CUSD 2,387,395,382,972.4,491.1,481.3,972.4,491.1,481.3,349,356,348
Bradley-Bourbonnais C High School,Bradley Bourbonnais CHSD 307,387,353,409,972.4,495.2,477.1,972.4,495.2,477.1,349,319,372
Addison Trail High School,DuPage HSD 88,390,443,332,971.8,484.2,487.6,1005.4,504.3,501.1,229,245,221
Noble St Chtr-Comer College Prep,City of Chicago SD 299,391,382,403,971.5,492.4,479,956.1,483.7,472.5,406,406,393
Canton High School,Canton Union SD 66,391,454,317,971.5,481.7,489.9,970.8,481.6,489.2,360,571,287
Unity High School,CUSD 4,393,438,351,971.1,485,486.1,971.1,485,486.1,356,394,316
Riverton High School,Riverton CUSD 14,394,423,363,970.9,486.6,484.3,970.9,486.6,484.3,357,382,329
West Carroll High School,West Carroll CUSD 314,395,399,395,970.5,490.6,479.9,966.8,489.5,477.3,376,362,370
Dundee-Crown High School,CUSD 300,395,417,372,970.5,487.3,483.2,1028,518.1,509.9,165,165,178
Red Hill Jr/Sr High School,Red Hill CUSD 10,397,359,420,970,494.3,475.7,970,494.3,475.7,361,323,381
Argo Community High School,Argo CHSD 217,398,464,327,969.8,480.8,489,967.9,479.9,488.1,368,586,292
Norris City-Omaha-Enfield H S,Norris City-Omaha-Enfield CUSD 3,398,333,434,969.8,497.6,472.2,969.8,497.6,472.2,362,296,549
Reavis High School,Reavis Twp HSD 220,400,411,376,969.7,487.7,482,968.7,487.2,481.5,366,377,346
Warren Jr/Sr High School,Warren CUSD 205,401,444,357,968.9,483.4,485.4,968.9,483.4,485.4,363,564,323
Serena High School,Serena CUSD 2,401,455,335,968.9,481.5,487.5,968.9,481.5,487.5,363,572,296
Sangamon Valley High School,Sangamon Valley CUSD 9,401,381,415,968.9,492.6,476.3,968.9,492.6,476.3,363,342,377
Richland County High School,Richland County CUSD 1,404,409,392,968.5,488.2,480.3,968.5,488.2,480.3,367,368,356
Guilford High School,Rockford SD 205,405,355,431,968.3,494.9,473.4,942.9,479,464,601,590,600
Knoxville Sr High School,Knoxville CUSD 202,406,458,347,967.8,481.4,486.4,967.8,481.4,486.4,369,575,307
Quincy Sr High School,Quincy SD 172,407,373,427,967.7,493.3,474.4,967.7,493.3,474.4,370,333,387
Bluffs High School,Scott-Morgan CUSD 2,407,464,341,967.7,480.8,486.9,967.7,480.8,486.9,370,580,301
Woodlawn High School,Woodlawn Unit School District 209,409,396,414,967.4,490.9,476.6,967.4,490.9,476.6,372,358,376
Fieldcrest High School,Fieldcrest CUSD 6,409,424,384,967.4,486.5,480.9,964.7,484.7,480,384,396,357
Oak Lawn Comm High School,Oak Lawn CHSD 229,411,478,318,967.2,477.4,489.8,966.9,477.3,489.6,374,605,283
Kewanee High School,Kewanee CUSD 229,411,427,384,967.2,486.3,480.9,966.2,485.6,480.6,379,392,353
Peoria Heights High School,Peoria Heights CUSD 325,413,261,502,967,506.8,460.3,967,506.8,460.3,373,235,623
Mattoon High School,Mattoon CUSD 2,414,403,406,966.9,489.5,477.4,966.4,489.3,477.1,378,365,372
Edwards County High School,Edwards County CUSD 1,414,455,357,966.9,481.5,485.4,966.9,481.5,485.4,374,572,323
Litchfield Senior High School,Litchfield CUSD 12,416,405,406,966.7,489.4,477.4,966.7,489.4,477.4,377,363,369
H L Richards High Sch(Campus),CHSD 218,417,417,401,966.6,487.3,479.3,947.1,477.7,469.4,586,600,568
Alcott Humanities High School,City of Chicago SD 299,418,453,364,966.3,482,484.2,956.1,483.7,472.5,406,406,393
La Moille High School,La Moille CUSD 303,419,475,340,966.1,479.1,487,966.1,479.1,487,380,589,300
CICS - Northtown  Campus,City of Chicago SD 299,420,352,449,965.9,495.3,470.6,956.1,483.7,472.5,406,406,393
Warrensburg-Latham High School,Warrensburg-Latham CUSD 11,421,329,467,965.1,497.8,467.3,965.1,497.8,467.3,383,294,583
Sesser-Valier High School,Sesser-Valier CUSD 196,422,351,464,964,495.4,468.7,964,495.4,468.7,385,317,577
Senn High School,City of Chicago SD 299,423,403,426,963.9,489.5,474.5,956.1,483.7,472.5,406,406,393
Murphysboro High School,Murphysboro CUSD 186,423,446,389,963.9,483.3,480.6,960.6,482.1,478.5,395,570,364
Joppa Jr & Sr High School,Joppa-Maple Grove UD 38,425,448,384,963.6,482.7,480.9,963.6,482.7,480.9,386,567,349
Bunker Hill High School,Bunker Hill CUSD 8,425,385,441,963.6,492.1,471.4,963.6,492.1,471.4,386,347,556
Collinsville High School,Collinsville CUSD 10,427,417,417,963.3,487.3,476,961.9,486.6,475.3,390,382,383
Crete-Monee High School,Crete Monee CUSD 201U,428,377,456,962.7,493.1,469.6,960.9,492.3,468.6,394,343,578
Flora High School,Flora CUSD 35,429,347,472,962.3,495.7,466.7,962.3,495.7,466.7,388,312,590
Argenta-Oreana High School,Argenta-Oreana CUSD 1,430,387,451,962.1,491.8,470.3,962.1,491.8,470.3,389,349,564
Steeleville High School,Steeleville CUSD 138,431,500,329,961.8,472.9,488.8,961.8,472.9,488.8,392,628,288
Winchester High School,Winchester CUSD 1,432,406,437,961.3,489.3,472,961.3,489.3,472,393,365,551
St Elmo Sr High School,St Elmo CUSD 202,433,389,459,960.6,491.6,469.1,954.8,487,467.9,564,378,580
Hall High School,Hall HSD 502,434,466,398,960.1,480.5,479.6,960.1,480.5,479.6,396,581,360
Limestone Community High School,Limestone CHSD 310,435,433,428,960,485.6,474.3,957.8,484.8,473,401,395,391
Kennedy High School,City of Chicago SD 299,436,415,433,959.7,487.4,472.3,956.1,483.7,472.5,406,406,393
Morrisonville High School,Morrisonville CUSD 1,437,468,399,959.5,480,479.5,959.5,480,479.5,397,585,361
Earlville Jr/Sr High School,Earlville CUSD 9,438,449,416,958.7,482.6,476.2,955.8,481.5,474.3,562,572,389
Jacksonville High School,Jacksonville SD 117,439,400,463,958.6,489.8,468.8,953.5,487.3,466.2,569,376,591
Disney II Magnet HS,City of Chicago SD 299,439,379,474,958.6,492.7,465.9,956.1,483.7,472.5,406,406,393
Joliet Central High School,Joliet Twp HSD 204,441,476,399,958.5,478.9,479.5,970.9,486.5,484.4,357,384,327
Zeigler-Royalton High School,Zeigler-Royalton CUSD 188,442,347,489,958.4,495.7,462.7,958.4,495.7,462.7,398,312,613
North Mac High School,North Mac CUSD 34,443,420,443,957.9,486.9,471,957.9,486.9,471,400,379,558
Rock Falls Township High School,Rock Falls Twp HSD 301,444,412,454,957.8,487.6,470.2,953.4,485.9,467.5,570,390,581
Alton High School,Alton CUSD 11,445,410,455,957.6,487.8,469.8,957.6,487.8,469.8,402,371,566
Urbana High School,Urbana SD 116,446,424,443,957.5,486.5,471,957.5,486.5,471,403,384,558
Northwestern High School,Northwestern CUSD 2,447,482,397,956.9,477.1,479.7,956.9,477.1,479.7,404,607,359
South Central High School,South Central CUD 401,448,391,478,956.7,491.4,465.3,956.7,491.4,465.3,405,352,595
Elverado High School,Elverado CUSD 196,449,440,442,955.7,484.6,471.1,955.7,484.6,471.1,563,398,557
West Leyden High School,Leyden CHSD 212,450,474,423,954.2,479.2,475,972.3,484.4,487.9,352,399,293
Williamsfield High School,Williamsfield CUSD 210,451,369,507,952.8,493.6,459.2,952.8,493.6,459.2,571,329,629
Okaw Valley High School,Okaw Valley CUSD 302,452,376,506,952.6,493.2,459.4,952.6,493.2,459.4,572,336,628
Illini West High School,Illini West H S Dist 307,453,447,456,952.4,482.8,469.6,952.4,482.8,469.6,573,566,567
Johnston City High School,Johnston City CUSD 1,454,449,459,951.7,482.6,469.1,943.2,478.8,464.4,600,595,597
Rickover Naval Academy High Schl,City of Chicago SD 299,455,436,477,950.6,485.2,465.4,956.1,483.7,472.5,406,406,393
Pleasant Hill High School,Pleasant Hill CUSD 3,456,515,380,950.5,468.6,481.8,950.5,468.6,481.8,574,639,344
Centralia High School,Centralia HSD 200,456,472,443,950.5,479.5,471,950.5,479.5,471,574,588,558
Crab Orchard High School,Crab Orchard CUSD 3,458,444,473,949.5,483.4,466.1,949.5,483.4,466.1,576,564,592
Chicago Academy High School,City of Chicago SD 299,459,497,421,949.4,474.2,475.2,956.1,483.7,472.5,406,406,393
Abingdon-Avon High Sch,Abingdon-Avon CUSD 276,459,414,493,949.4,487.5,461.9,949.4,487.5,461.9,577,375,615
Havana High School,Havana CUSD 126,461,491,429,949.1,475.3,473.9,949.1,475.3,473.9,578,622,390
Carver Military Academy HS,City of Chicago SD 299,462,469,458,949,479.7,469.2,956.1,483.7,472.5,406,406,393
Crane Medical Prep HS,City of Chicago SD 299,463,455,467,948.8,481.5,467.3,956.1,483.7,472.5,406,406,393
Horizon Science Acad-McKinley Pk,Horizon Science Acad-McKinley Pk,464,485,439,948.4,476.7,471.6,948.4,476.7,471.6,581,610,554
East Peoria High School,East Peoria CHSD 309,465,478,448,948.2,477.4,470.7,948.2,477.4,470.7,582,604,562
Lowpoint-Washburn Jr Sr High Sch,Lowpoint-Washburn CUSD 21,466,428,495,947.9,486.1,461.8,947.9,486.1,461.8,583,387,617
Central High School,Central CUSD 3,467,467,466,947.8,480.3,467.5,947.8,480.3,467.5,584,584,581
Benton Cons High School,Benton Cons HSD 103,468,484,450,947.2,476.8,470.4,947.2,476.8,470.4,585,609,563
Infinity Math  Science & Tech HS,City of Chicago SD 299,469,563,341,946.9,460,486.9,956.1,483.7,472.5,406,406,393
Henry-Senachwine High School,Henry-Senachwine CUSD 5,469,470,467,946.9,479.6,467.3,946.9,479.6,467.3,589,587,583
Zion-Benton Twnshp Hi Sch,Zion-Benton Twp HSD 126,471,430,504,946,486,460,949,488,461,579,369,618
Southeastern Jr/Sr High School,Southeastern CUSD 337,472,529,401,945.9,466.6,479.3,940,464.7,475.3,611,653,383
Arcola High School,Arcola CUSD 306,473,422,509,945.6,486.7,459,945.6,486.7,459,590,381,630
Bushnell-Prairie City High Sch,Bushnell Prairie City CUSD 170,473,458,482,945.6,481.4,464.2,945.6,481.4,464.2,590,575,599
Lake View High School,City of Chicago SD 299,475,498,434,945.5,473.3,472.2,956.1,483.7,472.5,406,406,393
West Aurora High School,Aurora West USD 129,476,460,485,945,481.3,463.7,945,481.3,463.7,596,577,607
Galesburg High School,Galesburg CUSD 205,477,481,467,944.6,477.3,467.3,944.6,477.3,467.3,597,605,583
Midwest Central High School,Midwest Central CUSD 191,477,428,514,944.6,486.1,458.6,944.6,486.1,458.6,597,387,635
Elgin High School,SD U-46,479,501,446,943.4,472.6,470.9,979.5,493.2,486.2,321,336,310
Hartsburg-Emden Jr-Sr High School,Hartsburg Emden CUSD 21,480,525,417,943.3,467.3,476,943.3,467.3,476,599,646,378
Hiawatha High School,Hiawatha CUSD 426,481,435,520,942.4,485.4,457,942.4,485.4,457,606,393,642
Marine Leadership Academy - Ames,City of Chicago SD 299,482,559,382,941.7,460.4,481.3,956.1,483.7,472.5,406,406,393
Woodland High School,Woodland CUSD 5,483,505,451,941.6,471.3,470.3,941.6,471.3,470.3,607,630,564
Auburn High School,Auburn CUSD 10,484,437,526,941.3,485.1,456.1,939.6,483.6,456,612,563,646
Warsaw Sr High School,Warsaw CUSD 316,485,432,533,940.7,485.8,454.9,940.7,485.8,454.9,608,391,650
Gallatin High School,Gallatin CUSD 7,486,478,487,940.5,477.4,463.1,935.3,475.3,460,621,622,624
Clinton High School,Clinton CUSD 15,487,490,481,940.3,476,464.3,940.3,476,464.3,609,617,598
Harrisburg High School,Harrisburg CUSD 3,488,439,530,940.1,484.7,455.4,940.1,484.7,455.4,610,396,648
Martinsville Jr- Sr High School,Martinsville CUSD 3C,489,477,501,938.3,477.6,460.7,938.3,477.6,460.7,617,603,622
Noble St Chtr-Baker Campus,City of Chicago SD 299,490,486,496,938,476.6,461.4,956.1,483.7,472.5,406,406,393
Belvidere High School,Belvidere CUSD 100,491,496,486,937.8,474.3,463.5,966.1,487.7,478.5,380,372,364
Roxana Sr High School,Roxana CUSD 1,491,512,465,937.8,469.7,468,937.8,469.7,468,618,637,579
EPIC Academy High School,City of Chicago SD 299,493,473,516,937.6,479.4,458.3,956.1,483.7,472.5,406,406,393
Trico Senior High School,Trico CUSD 176,494,517,459,937.5,468.4,469.1,937.5,468.4,469.1,619,641,575
Noble St Chtr-Rowe-Clark MS Acad,City of Chicago SD 299,495,462,528,936.7,480.9,455.8,956.1,483.7,472.5,406,406,393
Leland High School,Leland CUSD 1,496,510,474,935.9,470,465.9,935.9,470,465.9,620,635,593
Hardin County High School,Hardin County CUSD 1,497,492,505,934.9,475.1,459.8,934.9,475.1,459.8,622,624,626
South Fork Jr Sr High School,South Fork SD 14,498,545,447,934.6,463.8,470.8,934.6,463.8,470.8,623,656,561
Dupo High School,Dupo CUSD 196,498,503,489,934.6,471.9,462.7,934.6,471.9,462.7,623,629,613
Waverly Jr/Sr  High School,Waverly CUSD 6,500,487,517,934.5,476.5,458,934.5,476.5,458,628,611,639
Mount Vernon High School,Mt Vernon Twp HSD 201,500,507,483,934.5,470.7,463.8,934.5,470.7,463.8,628,633,605
South Shore Intl Col Prep HS,City of Chicago SD 299,502,449,545,933.9,482.6,451.2,956.1,483.7,472.5,406,406,393
Grayville Jr Sr High School,Grayville CUSD 1,502,493,510,933.9,475,458.9,933.9,475,458.9,630,625,632
St Anne Comm High School,St Anne CHSD 302,504,502,496,933.6,472.1,461.4,930.4,470.9,459.5,637,632,627
Webber High School,Bluford Unit School District 318,505,523,476,933.3,467.8,465.6,933.3,467.8,465.6,631,645,594
Christopher High,Christopher USD 99,506,510,488,932.9,470,462.9,932.9,470,462.9,632,635,612
Hoopeston Area High School,Hoopeston Area CUSD 11,506,521,480,932.9,468,464.8,932.9,468,464.8,632,644,596
Delavan High School,Delavan CUSD 703,508,515,483,932.4,468.6,463.8,932.4,468.6,463.8,634,639,605
Flanagan-Cornell High School,Flanagan-Cornell Dist 74,509,488,529,931.9,476.2,455.7,931.9,476.2,455.7,635,615,647
Rockford East High School,Rockford SD 205,510,499,515,931.6,473.2,458.4,942.9,479,464,601,590,600
Georgetown-Ridge Farm High School,Georgetown-Ridge Farm CUD 4,511,509,499,931.1,470.3,460.8,931.1,470.3,460.8,636,634,620
Amundsen High School,City of Chicago SD 299,512,519,489,931,468.3,462.7,956.1,483.7,472.5,406,406,393
Chrisman High School,Edgar County CUD 6,513,461,553,930,481,449,930,481,449,638,578,663
Streator Twp High School,Streator Twp HSD 40,514,488,539,929,476.2,452.8,929,476.2,452.8,639,615,658
A-C Central High School,A-C Central CUSD 262,515,527,493,928.9,466.9,461.9,928.9,466.9,461.9,640,647,615
Marissa Jr & Sr High School,Marissa CUSD 40,516,581,432,927.8,454.9,472.9,927.8,454.9,472.9,641,681,392
Vandalia Community High School,Vandalia CUSD 203,517,517,512,927.2,468.4,458.8,927.2,468.4,458.8,642,641,634
Fairfield Comm High School,Fairfield Comm H S Dist 225,518,529,503,926.8,466.6,460.2,924.5,465.4,459,646,650,630
Carmi-White County High School,Carmi-White County CUSD 5,519,495,541,926.4,474.4,452,926.1,474.9,451.2,643,627,660
Westville High School,Westville CUSD 2,520,520,519,925.5,468.2,457.3,925.5,468.2,457.3,644,643,641
Pope Co High School,Pope Co CUD 1,521,506,536,924.8,471.2,453.6,924.8,471.2,453.6,645,631,655
Freeport High School,Freeport SD 145,522,462,572,924.4,480.9,443.4,924.4,480.9,443.4,647,579,673
Cowden-Herrick Jr/Sr High School,Cowden-Herrick CUSD 3A,523,553,492,924.3,461.7,462.6,915.4,457.9,457.5,657,675,640
Prosser Career Academy HS,City of Chicago SD 299,524,514,531,924.2,469,455.2,956.1,483.7,472.5,406,406,393
Shiloh High School,Shiloh CUSD 1,525,533,518,923.5,466.1,457.4,917.2,462.2,455,654,660,649
Noble St Chtr-Johnson Colg Prep,City of Chicago SD 299,526,470,569,923.3,479.6,443.7,956.1,483.7,472.5,406,406,393
Thornton Fractnl So High School,Thornton Fractional Twp HSD 215,527,524,531,922.7,467.6,455.2,905,458.5,446.5,671,672,666
East High School,Aurora East USD 131,528,558,499,921.6,460.8,460.8,921.6,460.8,460.8,648,662,620
Morgan Park High School,City of Chicago SD 299,529,536,523,921.5,465.1,456.4,956.1,483.7,472.5,406,406,393
Streamwood High School,SD U-46,529,550,513,921.5,462.8,458.7,979.5,493.2,486.2,321,336,310
Noble St Chtr-Hansberry Prep Slvr,City of Chicago SD 299,531,507,549,920.8,470.7,450.1,956.1,483.7,472.5,406,406,393
Eisenhower High School,Decatur SD 61,532,543,522,920.7,464.2,456.6,919.5,465.2,454.3,650,651,653
Griggsville-Perry High School,Griggsville-Perry CUSD 4,533,441,599,920,484.4,435.6,913.5,480.4,433.1,660,583,694
Brownstown High School,Brownstown CUSD 201,533,545,525,920,463.8,456.2,920,463.8,456.2,649,656,644
Springfield Southeast High Sch,Springfield SD 186,535,525,542,919.2,467.3,451.9,953.7,484.4,469.4,565,399,568
Shawnee High School,Shawnee CUSD 84,536,563,510,918.9,460,458.9,918.9,460,458.9,652,665,632
South Beloit Sr High School,County of Winnebago SD 320,537,544,535,918.8,464,454.8,918.8,464,454.8,653,655,652
MacArthur High School,Decatur SD 61,538,532,544,918,466.4,451.6,919.5,465.2,454.3,650,651,653
Mather High School,City of Chicago SD 299,539,592,479,917.5,452.5,465,956.1,483.7,472.5,406,406,393
Franklin Jr/Sr High School,Franklin CUSD 1,540,601,462,916.8,447.9,468.9,916.8,447.9,468.9,655,691,576
Air Force Acad High School,City of Chicago SD 299,541,582,496,916.2,454.8,461.4,956.1,483.7,472.5,406,406,393
Illini Central High School,Illini Central CUSD 189,542,483,588,915.7,477,438.8,915.7,477,438.8,656,608,685
Acero Chtr Sch Netwrk- Victoria,City of Chicago SD 299,543,535,547,915.4,465.2,450.3,956.1,483.7,472.5,406,406,393
Lawrenceville High School,Lawrence County CUD 20,544,547,542,915.3,463.3,451.9,915.3,463.3,451.9,658,658,659
Noble St Chtr-Butler - Crimson,City of Chicago SD 299,545,537,549,915,465,450.1,956.1,483.7,472.5,406,406,393
United Twp High School,United Twp HSD 30,546,573,521,914.6,457.9,456.7,913.5,457.4,456.1,660,677,645
Granite City High School,Granite City CUSD 9,547,557,538,914,460.9,453.1,914,460.9,453.1,659,661,657
Curie Metropolitan High School,City of Chicago SD 299,548,576,526,913.7,457.6,456.1,956.1,483.7,472.5,406,406,393
Acero Chtr Netrk -  Major Garcia,City of Chicago SD 299,549,521,566,912.6,468,444.6,956.1,483.7,472.5,406,406,393
Round Lake Senior High School,Round Lake CUSD 116,550,549,552,912.3,463,449.3,912.3,463,449.3,662,659,662
Waltonville High School,Waltonville CUSD 1,551,493,595,911.2,475,436.2,911.2,475,436.2,663,625,691
Bremen High School,Bremen CHSD 228,552,559,546,911.1,460.4,450.7,945.2,478.4,466.8,592,596,586
Lanphier High School,Springfield SD 186,553,552,553,911,462,449,953.7,484.4,469.4,565,399,568
Beardstown Jr/Sr High School,Beardstown CUSD 15,554,583,524,910.8,454.5,456.3,910.8,454.5,456.3,664,682,643
Chicago Military Academy HS,City of Chicago SD 299,555,504,588,910.6,471.8,438.8,956.1,483.7,472.5,406,406,393
Hancock College Preparatory HS,City of Chicago SD 299,556,538,563,910.2,464.9,445.2,956.1,483.7,472.5,406,406,393
Noble St Chtr-DRW Trading Col,City of Chicago SD 299,557,538,563,910.1,464.9,445.2,956.1,483.7,472.5,406,406,393
Momence High School,Momence CUSD 1,558,534,574,908.8,465.9,442.9,908.8,465.9,442.9,665,649,675
Larkin High School,SD U-46,559,548,562,908.7,463.1,445.6,979.5,493.2,486.2,321,336,310
V I T Sr High School,V I T CUSD 2,560,513,585,908.6,469.5,439.1,908.6,469.5,439.1,666,638,683
Rantoul Twp High School,Rantoul Township HSD 193,561,585,536,907.5,453.9,453.6,907.5,453.9,453.6,667,683,655
Rushville-Industry High School,Schuyler-Industry CUSD 5,561,563,556,907.5,460,447.5,907.5,460,447.5,667,665,664
Rich Central Campus High School,Rich Twp HSD 227,563,540,575,907.1,464.6,442.5,896.8,459.9,436.9,684,667,688
Spry Community Links High School,City of Chicago SD 299,564,601,508,907,447.9,459.1,956.1,483.7,472.5,406,406,393
DD Eisenhower High Sch (Campus),CHSD 218,565,580,547,906.7,456.5,450.3,947.1,477.7,469.4,586,600,568
Egyptian Sr High School,Egyptian CUSD 5,566,528,584,906.3,466.7,439.6,906.3,466.7,439.6,669,648,682
Hubbard High School,City of Chicago SD 299,567,570,557,906,458.9,447.1,956.1,483.7,472.5,406,406,393
Wayne City High School,Wayne City CUSD 100,568,566,561,905.5,459.7,445.8,905.5,459.7,445.8,670,670,669
East Alton-Wood River High Sch,East Alton-Wood River CHSD 14,569,569,560,905.2,459.1,446,900.9,457.2,443.8,680,679,672
Jefferson High School,Rockford SD 205,570,561,565,905.1,460.3,444.8,942.9,479,464,601,590,600
Washington G High School,City of Chicago SD 299,571,541,581,905,464.5,440.4,956.1,483.7,472.5,406,406,393
Cuba Sr High School,CUSD 3 Fulton County,572,571,559,904.7,458.4,446.3,904.7,458.4,446.3,673,674,668
Bloom Trail High School,Bloom Twp HSD 206,573,551,576,904.3,462.5,441.8,902.3,460.3,442,678,663,676
Harvard High School,Harvard CUSD 50,574,599,533,904.2,449.4,454.9,904.2,449.4,454.9,674,690,650
Century Jr/Sr High School,Century CUSD 100,575,577,558,904,457.3,446.7,904,457.3,446.7,675,678,665
North Greene Jr/Sr High Sch,North Greene CUSD 3,576,562,570,903.7,460.2,443.5,900.4,459.4,441.1,681,671,678
Danville High School,Danville CCSD 118,577,541,587,903.6,464.5,439,903.6,464.5,439,676,654,684
Oakland High School,Oakland CUSD 5,578,587,551,903.2,453.7,449.5,903.2,453.7,449.5,677,685,661
Univ of Chicago Chtr-Woodlawn,City of Chicago SD 299,579,556,577,903,461.3,441.7,956.1,483.7,472.5,406,406,393
Bloom High School,Bloom Twp HSD 206,580,568,573,902.4,459.4,443,902.3,460.3,442,678,663,676
J Sterling Morton West High Sch,J S Morton HSD 201,581,554,585,900.7,461.6,439.1,880.3,447.7,432.6,695,692,695
Rock Island High School,Rock Island SD 41,582,595,555,899.9,451.4,448.5,895,449.5,445.4,687,689,670
Chicago Virtual Charter School,City of Chicago SD 299,583,531,605,898.6,466.5,432.1,956.1,483.7,472.5,406,406,393
Sparta High School,Sparta CUSD 140,583,575,579,898.6,457.8,440.8,898.6,457.8,440.8,682,676,679
Goode STEM Academy HS,City of Chicago SD 299,585,584,568,898.5,454.3,444.2,956.1,483.7,472.5,406,406,393
Virginia Jr/ Sr High School,Virginia CUSD 64,586,589,567,897.8,453.5,444.3,897.8,453.5,444.3,683,687,671
Kelly High School,City of Chicago SD 299,587,621,540,895.5,442.8,452.7,956.1,483.7,472.5,406,406,393
Waukegan High School,Waukegan CUSD 60,588,594,570,895.3,451.9,443.5,894.4,451.4,443,688,688,674
Rich South Campus High School,Rich Twp HSD 227,589,572,600,893.3,458.1,435.3,896.8,459.9,436.9,684,667,688
Lewistown Jr/Sr High School,Lewistown CUSD 97,590,588,593,890.8,453.6,437.2,890.8,453.6,437.2,689,686,687
Peoria High School,Peoria SD 150,591,597,582,890.6,450.5,440,938.8,475.8,463,613,618,608
Rich East Campus High School,Rich Twp HSD 227,592,578,604,889.6,457,432.7,896.8,459.9,436.9,684,667,688
Simeon Career Academy High School,City of Chicago SD 299,593,567,610,889.4,459.5,429.9,956.1,483.7,472.5,406,406,393
Meredosia-Chambersburg High Sch,Meredosia-Chambersburg CUSD 11,594,604,582,887.1,447.1,440,887.1,447.1,440,690,694,681
Odin Attendance Center 9-12,Odin PSD 722,595,610,579,886.2,445.4,440.8,886.2,445.4,440.8,691,696,679
CICS - Ralph Ellison Campus,City of Chicago SD 299,596,555,623,885.2,461.4,423.7,956.1,483.7,472.5,406,406,393
Juarez Community Academy HS,City of Chicago SD 299,597,607,590,885,446.5,438.5,956.1,483.7,472.5,406,406,393
Eldorado High School,Eldorado CUSD 4,598,586,611,883.6,453.8,429.7,883.6,453.8,429.7,692,684,699
Hillcrest High School,Bremen CHSD 228,599,597,603,883.5,450.5,433,945.2,478.4,466.8,592,596,586
Thornton Fractnl No High School,Thornton Fractional Twp HSD 215,600,605,597,882.8,447,435.8,905,458.5,446.5,671,672,666
IHSCA Charter High School,City of Chicago SD 299,600,626,578,882.8,441.6,441.2,956.1,483.7,472.5,406,406,393
Coulterville High School,Coulterville USD 1,602,611,592,882.7,445.3,437.3,882.7,445.3,437.3,693,697,686
Kankakee High School,Kankakee SD 111,603,614,591,882.4,444.7,437.6,875.7,441.6,434.1,698,700,693
Ramsey High School,Ramsey CUSD 204,604,579,621,882.1,456.7,425.4,882.1,456.7,425.4,694,680,704
Steinmetz College Prep HS,City of Chicago SD 299,605,608,597,881.4,445.6,435.8,956.1,483.7,472.5,406,406,393
Perspectives Chtr - Leadership Ac,City of Chicago SD 299,606,595,617,879,451.4,427.6,956.1,483.7,472.5,406,406,393
Meridian High School,Meridian CUSD 101,606,618,596,879,443.1,435.9,879,443.1,435.9,697,698,692
Perspectives Chtr - Joslin Campus,City of Chicago SD 299,608,573,633,878.4,457.9,420.5,956.1,483.7,472.5,406,406,393
Proviso West High School,Proviso Twp HSD 209,609,608,609,876.1,445.6,430.6,934.6,476.4,458.1,623,612,636
Acero Chtr  Sor Juana Ines de la,City of Chicago SD 299,610,620,602,876,442.9,433.1,956.1,483.7,472.5,406,406,393
Chicago Technology Academy HS,City of Chicago SD 299,611,633,594,875.1,438.3,436.8,956.1,483.7,472.5,406,406,393
Thornwood High School,Thornton Twp HSD 205,612,628,601,874.8,441.2,433.6,865,436.7,428.3,701,705,700
World Language High School,City of Chicago SD 299,613,590,632,874.3,453.2,421.1,956.1,483.7,472.5,406,406,393
Proviso East High School,Proviso Twp HSD 209,614,625,608,872.9,442.2,430.7,934.6,476.4,458.1,623,612,636
Urban Prep Chtr  Bronzeville HS,City of Chicago SD 299,615,591,637,871.5,452.6,418.9,956.1,483.7,472.5,406,406,393
Sandoval Sr High School,Sandoval CUSD 501,616,630,607,871.1,440,431.1,871.1,440,431.1,699,702,698
Catalyst Charter - Maria ES,City of Chicago SD 299,616,624,615,871.1,442.4,428.7,956.1,483.7,472.5,406,406,393
Thornton Township High School,Thornton Twp HSD 205,618,627,613,870.6,441.5,429,865,436.7,428.3,701,705,700
Greenview Jr/Sr High School,Greenview CUSD 200,619,632,606,870.5,439,431.5,870.5,439,431.5,700,703,697
North-Grand High School,City of Chicago SD 299,620,623,620,868.2,442.6,425.5,956.1,483.7,472.5,406,406,393
Williams Medical Prep High Sch,City of Chicago SD 299,621,613,625,867.8,444.9,422.8,956.1,483.7,472.5,406,406,393
Quest Charter School Academy,Peoria SD 150,622,612,628,867,445.2,421.7,938.8,475.8,463,613,618,608
J Sterling Morton East High Sch,J S Morton HSD 201,623,634,616,866.4,438.1,428.2,880.3,447.7,432.6,695,692,695
CICS - Quest North Campus,City of Chicago SD 299,624,593,646,865.7,452.4,413.3,956.1,483.7,472.5,406,406,393
Schurz High School,City of Chicago SD 299,625,636,614,865.4,436.5,428.9,956.1,483.7,472.5,406,406,393
North Chicago Community High Sch,North Chicago SD 187,625,603,641,865.4,447.4,418.1,861.9,445.8,416.1,705,695,706
Young Womens Leadership Chartr HS,City of Chicago SD 299,627,606,640,865.3,446.7,418.6,956.1,483.7,472.5,406,406,393
Carrier Mills-Stonefort H S,Carrier Mills-Stonefort CUSD 2,628,635,618,864.8,437.6,427.2,864.8,437.6,427.2,704,704,703
Cairo Jr/Sr High School,Cairo USD 1,629,600,642,864.6,448.3,416.3,857.3,442.7,414.6,707,699,707
Clemente Community Academy HS,City of Chicago SD 299,630,619,630,864.5,443,421.5,956.1,483.7,472.5,406,406,393
Roosevelt High School,City of Chicago SD 299,631,639,612,863.9,434.4,429.4,956.1,483.7,472.5,406,406,393
Phillips Academy High School,City of Chicago SD 299,632,615,637,863.5,444.6,418.9,956.1,483.7,472.5,406,406,393
Perspectives Chtr - HS of Tech,City of Chicago SD 299,633,622,636,862,442.7,419.3,956.1,483.7,472.5,406,406,393
West Central High School,West Central CUSD 235,634,629,634,860.9,440.9,420,860.9,440.9,420,706,701,705
Clark Acad Prep Magnet High Schl,City of Chicago SD 299,635,617,643,859.4,443.6,415.8,956.1,483.7,472.5,406,406,393
Thornridge High School,Thornton Twp HSD 205,636,641,619,858.3,431.7,426.6,865,436.7,428.3,701,705,700
Urban Prep Chtr Acad Englewood HS,City of Chicago SD 299,637,616,651,856.5,444.3,412.2,956.1,483.7,472.5,406,406,393
Springfield Learning Academy,Springfield SD 186,638,643,622,854.3,429.3,425,953.7,484.4,469.4,565,399,568
Perspectives Chtr -  IIT Campus,City of Chicago SD 299,639,637,644,851.4,436.1,415.3,956.1,483.7,472.5,406,406,393
ASPIRA Charter - Early College Pr,City of Chicago SD 299,640,638,649,848.5,435.5,413.1,956.1,483.7,472.5,406,406,393
Bronzeville Scholastic HS,City of Chicago SD 299,641,649,629,848,426.4,421.6,956.1,483.7,472.5,406,406,393
Ace Technical Charter High School,City of Chicago SD 299,642,649,630,847.9,426.4,421.5,956.1,483.7,472.5,406,406,393
Manual Academy,Peoria SD 150,643,647,637,846.4,427.4,418.9,938.8,475.8,463,613,618,608
Farragut Career Academy HS,City of Chicago SD 299,644,658,626,845.3,422.9,422.5,956.1,483.7,472.5,406,406,393
Hyde Park Academy High School,City of Chicago SD 299,645,644,650,841.6,428.7,413,956.1,483.7,472.5,406,406,393
CICS - Longwood Campus,City of Chicago SD 299,645,631,667,841.6,439.8,401.8,956.1,483.7,472.5,406,406,393
School of Social Justice HS,City of Chicago SD 299,647,661,624,840.2,417.3,422.9,956.1,483.7,472.5,406,406,393
Urban Prep Chtr West Campus HS,City of Chicago SD 299,648,640,662,838.4,432.9,405.5,956.1,483.7,472.5,406,406,393
IJLA Charter High School,City of Chicago SD 299,649,662,627,838,416,422,956.1,483.7,472.5,406,406,393
North Lawndale Prep Chtr-Collins,City of Chicago SD 299,649,659,635,838,418.2,419.7,956.1,483.7,472.5,406,406,393
Legal Prep Academy Charter HS,City of Chicago SD 299,651,645,655,837.9,427.8,410.2,956.1,483.7,472.5,406,406,393
YCCS-Truman Middle College HS,City of Chicago SD 299,652,655,646,837.8,424.4,413.3,956.1,483.7,472.5,406,406,393
Uplift Community High School,City of Chicago SD 299,653,642,664,835.3,430.2,405.1,956.1,483.7,472.5,406,406,393
Kelvyn Park High School,City of Chicago SD 299,654,657,654,835.2,423.4,411.9,956.1,483.7,472.5,406,406,393
Madison Senior High School,Madison CUSD 12,655,646,660,834.3,427.6,406.8,833.2,426.8,406.3,708,708,709
SIU Charter Sch of East St Louis,East St Louis SD 189,656,653,657,833.8,425.8,408.1,808.7,410.5,398.2,711,711,711
Chicago Vocational Career Acad HS,City of Chicago SD 299,657,648,660,833.7,426.8,406.8,956.1,483.7,472.5,406,406,393
Fenger Academy High School,City of Chicago SD 299,658,656,658,831.4,423.6,407.8,956.1,483.7,472.5,406,406,393
Multicultural Acad Scholarshp HS,City of Chicago SD 299,659,664,648,828.4,415.2,413.2,956.1,483.7,472.5,406,406,393
Amandla Charter School,Amandla Charter School,660,663,652,827.3,415.3,412,827.3,415.3,412,709,709,708
Harlan Community Academy HS,City of Chicago SD 299,661,652,673,824.7,425.9,398.8,956.1,483.7,472.5,406,406,393
Julian High School,City of Chicago SD 299,662,651,677,822.9,426.3,396.6,956.1,483.7,472.5,406,406,393
Bogan High School,City of Chicago SD 299,663,660,664,822.8,417.7,405.1,956.1,483.7,472.5,406,406,393
Tilden Career Communty Academy HS,City of Chicago SD 299,664,680,652,817.3,405.3,412,956.1,483.7,472.5,406,406,393
Sullivan High School,City of Chicago SD 299,665,684,645,817.2,403.9,413.4,956.1,483.7,472.5,406,406,393
Wells Community Academy HS,City of Chicago SD 299,666,672,662,815.4,409.9,405.5,956.1,483.7,472.5,406,406,393
Gage Park High School,City of Chicago SD 299,667,669,666,814.4,411.8,402.6,956.1,483.7,472.5,406,406,393
Cahokia High School,Cahokia CUSD 187,668,666,668,813.6,413.4,400.2,813.6,413.4,400.2,710,710,710
North Lawndale Prep Chtr - Christ,City of Chicago SD 299,669,687,656,812.7,402.9,409.9,956.1,483.7,472.5,406,406,393
Marshall Metropolitan High School,City of Chicago SD 299,670,665,675,810.9,413.7,397.2,956.1,483.7,472.5,406,406,393
Foreman High School,City of Chicago SD 299,671,686,658,810.8,403,407.8,956.1,483.7,472.5,406,406,393
East St Louis Senior High School,East St Louis SD 189,672,673,674,807.4,409.4,398.1,808.7,410.5,398.2,711,711,711
YCCS Chtr - Chatham,City of Chicago SD 299,673,678,670,805.5,405.5,400,956.1,483.7,472.5,406,406,393
YCCS-ASPIRA Pantoja Alt HS,City of Chicago SD 299,674,670,681,804.4,411,393.3,956.1,483.7,472.5,406,406,393
Dunbar Vocational Career Acad HS,City of Chicago SD 299,675,671,681,803.9,410.5,393.3,956.1,483.7,472.5,406,406,393
YCCS-West Town Academy Alt HS,City of Chicago SD 299,676,674,680,803.8,409.2,394.6,956.1,483.7,472.5,406,406,393
Bowen High School,City of Chicago SD 299,676,676,678,803.8,407.3,396.5,956.1,483.7,472.5,406,406,393
YCCS-Westside Holistic Ldr Acad,City of Chicago SD 299,678,685,671,803.1,403.8,399.4,956.1,483.7,472.5,406,406,393
YCCS-Latino Youth Alternative HS,City of Chicago SD 299,679,667,689,802,413.3,388.7,956.1,483.7,472.5,406,406,393
Austin College and Career Acad HS,City of Chicago SD 299,680,677,679,801.7,405.9,395.8,956.1,483.7,472.5,406,406,393
Collins Academy High School,City of Chicago SD 299,681,690,669,800.9,400.8,400.1,956.1,483.7,472.5,406,406,393
Manley Career Academy High School,City of Chicago SD 299,682,688,675,799.2,402.1,397.2,956.1,483.7,472.5,406,406,393
Corliss High School,City of Chicago SD 299,683,675,687,798.9,408.2,390.7,956.1,483.7,472.5,406,406,393
Raby High School,City of Chicago SD 299,684,683,686,795.5,404.3,391.3,956.1,483.7,472.5,406,406,393
YCCS-Jane Addams Alternative HS,City of Chicago SD 299,685,689,684,793.6,401.4,392.1,956.1,483.7,472.5,406,406,393
Hope College Prep High School,City of Chicago SD 299,686,692,683,789.6,396.7,392.9,956.1,483.7,472.5,406,406,393
YBMC Charter Sch,McLean County USD 5,687,654,703,787.1,425.7,361.4,1052.6,528.4,524.2,113,116,114
YCCS-Olive Harvey Mid College HS,City of Chicago SD 299,688,691,691,786.7,400.7,386,956.1,483.7,472.5,406,406,393
Chicago Excel Academy HS,City of Chicago SD 299,689,695,685,785.3,393.4,391.8,956.1,483.7,472.5,406,406,393
Orr Academy High School,City of Chicago SD 299,690,693,690,784.4,396.1,388.3,956.1,483.7,472.5,406,406,393
YCCS-CCA Academy HS,City of Chicago SD 299,691,678,695,783.1,405.5,377.6,956.1,483.7,472.5,406,406,393
Harper High School,City of Chicago SD 299,692,682,696,780.9,404.7,376.2,956.1,483.7,472.5,406,406,393
YCCS-Community Youth Dev Inst HS,City of Chicago SD 299,693,697,688,780.7,391.9,388.9,956.1,483.7,472.5,406,406,393
Hirsch Metropolitan High School,City of Chicago SD 299,694,681,697,779.2,405.1,374.1,956.1,483.7,472.5,406,406,393
YCCS-Assoc Hse El Cuarto Ano HS,City of Chicago SD 299,695,705,672,778.3,379.2,399.2,956.1,483.7,472.5,406,406,393
YCCS-Albizu Campus Puerto Rican,City of Chicago SD 299,695,696,691,778.3,392.3,386,956.1,483.7,472.5,406,406,393
Team Englewood Comm Acad HS,City of Chicago SD 299,695,694,693,778.3,393.8,384.5,956.1,483.7,472.5,406,406,393
YCCS-Austin Career Ed Cntr HS,City of Chicago SD 299,698,668,705,772,412,360,956.1,483.7,472.5,406,406,393
YCCS-McKinley-Lakeside Leadership,City of Chicago SD 299,699,701,694,765.2,384.1,381.1,956.1,483.7,472.5,406,406,393
Richards Career Academy HS,City of Chicago SD 299,700,698,698,764.2,390.8,373.5,956.1,483.7,472.5,406,406,393
YCCS-Innovations of Arts Integr,City of Chicago SD 299,701,699,701,755,388,367,956.1,483.7,472.5,406,406,393
YCCS-Sullivan House Alt HS,City of Chicago SD 299,702,700,702,750.9,386.4,364.5,956.1,483.7,472.5,406,406,393
Douglass Academy High School,City of Chicago SD 299,703,704,700,750.7,381,369.8,956.1,483.7,472.5,406,406,393
YCCS-Progressive Leadership Acad,City of Chicago SD 299,704,706,699,747.1,374.1,372.9,956.1,483.7,472.5,406,406,393
Robeson High School,City of Chicago SD 299,705,702,704,743.2,382.2,361.1,956.1,483.7,472.5,406,406,393
YCCS-Scholastic Achievement HS,City of Chicago SD 299,706,703,705,741.4,381.4,360,956.1,483.7,472.5,406,406,393
Legacy Acad of Excellence Charter,Rockford SD 205,n/a,n/a,n/a,No score reported,No score reported,No score reported,942.9,479,464,601,590,600
YCCS-Youth Connection Leadership,City of Chicago SD 299,n/a,n/a,n/a,No score reported,No score reported,No score reported,956.1,483.7,472.5,406,406,393
Aspira Charter - Bus and Fin,City of Chicago SD 299,n/a,n/a,n/a,No score reported,No score reported,No score reported,956.1,483.7,472.5,406,406,393
Chicago International Charter,City of Chicago SD 299,n/a,n/a,n/a,No score reported,No score reported,No score reported,956.1,483.7,472.5,406,406,393
Eugene Field School,McLean County USD 5,n/a,n/a,n/a,No score reported,No score reported,No score reported,1052.6,528.4,524.2,113,116,114
Ohio Community High School,Ohio CHSD 505,n/a,n/a,n/a,No score reported,No score reported,No score reported,No score reported,No score reported,No score reported,n/a,n/a,n/a
Dongola High School,Dongola USD 66,n/a,n/a,n/a,No score reported,No score reported,No score reported,No score reported,No score reported,No score reported,n/a,n/a,n/a
Cambridge Lakes Charter School,CUSD 300,n/a,n/a,n/a,No score reported,No score reported,No score reported,1028,518.1,509.9,165,165,178
Lovejoy Technology Academy,Brooklyn UD 188,n/a,n/a,n/a,No score reported,No score reported,No score reported,No score reported,No score reported,No score reported,n/a,n/a,n/a